"1964454969001025304	",收入,投资,119.19,2019-6-3 19:21,理财分红,
"1964900352302948280	",支出,人情,1055.96,2019-5-31 10:06,佩宝生活费,
"1959347221439617249	",收入,投资,11.95,2019-5-27 18:13,,
"1952052520411897353	",收入,投资,767.9,2019-5-17 16:39,定期分红,
"1951064893344881139	",收入,工资,5000,2019-5-16 7:57,佩宝工资,
"1950666024052233595	",支出,日用品,181.6,2019-5-15 18:45,,
"1950664296024152363	",支出,通讯,18,2019-5-15 18:41,,
"1950663906759187196	",支出,交通,82,2019-5-15 18:40,,
"1950662833453569485	",支出,用餐,131,2019-5-15 18:38,,
"1948493266551739920	",支出,人情,100,2019-5-12 18:48,给佩宝买保险,
"1947043253715899587	",支出,用餐,33.6,2019-5-10 18:47,,
"1947041877984190070	",支出,用餐,377,2019-5-10 18:44,,
"1950662072371945270	",收入,工资,3900.88,2019-5-8 18:37,,
"1950663093919847607	",收入,投资,124.34,2019-5-1 18:39,活期分红,
